{"gender":1.0,"level":1.0,"add_song":64.0,"add_friends":42.0,"upgrade":1.0,"downgrade":0.0,"thumbs_down":24.0,"thumbs_up":124.0,"tot_artist":1618.0,"tot_life":116.02526620370371,"avg_song_per_sess":286.6666666666667,"tot_num_session":9.0,"tot_num_song":2580.0,"label":0.0}
{"gender":0.0,"level":0.0,"add_song":3.0,"add_friends":1.0,"upgrade":0.0,"downgrade":0.0,"thumbs_down":1.0,"thumbs_up":4.0,"tot_artist":139.0,"tot_life":132.30824074074073,"avg_song_per_sess":24.333333333333332,"tot_num_session":6.0,"tot_num_song":146.0,"label":0.0}
