{"gender":0.0,"level":1.0,"add_song":118.0,"add_friends":74.0,"upgrade":0.0,"downgrade":0.0,"thumbs_down":41.0,"thumbs_up":171.0,"tot_artist":2232.0,"tot_life":131.55591435185184,"avg_song_per_sess":145.67857142857142,"tot_num_session":29.0,"tot_num_song":4079.0,"label":0.0}
{"gender":1.0,"level":1.0,"add_song":52.0,"add_friends":28.0,"upgrade":0.0,"downgrade":0.0,"thumbs_down":21.0,"thumbs_up":100.0,"tot_artist":1385.0,"tot_life":19.455844907407407,"avg_song_per_sess":211.1,"tot_num_session":10.0,"tot_num_song":2111.0,"label":1.0}
{"gender":1.0,"level":0.0,"add_song":5.0,"add_friends":1.0,"upgrade":0.0,"downgrade":0.0,"thumbs_down":1.0,"thumbs_up":7.0,"tot_artist":142.0,"tot_life":72.77818287037037,"avg_song_per_sess":21.428571428571427,"tot_num_session":7.0,"tot_num_song":150.0,"label":0.0}
