{"gender":1.0,"level":1.0,"add_song":67.0,"add_friends":21.0,"upgrade":0.0,"downgrade":0.0,"thumbs_down":54.0,"thumbs_up":85.0,"tot_artist":1196.0,"tot_life":65.45400462962964,"avg_song_per_sess":67.0,"tot_num_session":28.0,"tot_num_song":1742.0,"label":0.0}
{"gender":0.0,"level":1.0,"add_song":9.0,"add_friends":8.0,"upgrade":1.0,"downgrade":0.0,"thumbs_down":4.0,"thumbs_up":35.0,"tot_artist":288.0,"tot_life":157.05546296296296,"avg_song_per_sess":52.0,"tot_num_session":6.0,"tot_num_song":312.0,"label":0.0}
