{"gender":0.0,"level":1.0,"add_song":10.0,"add_friends":8.0,"upgrade":0.0,"downgrade":0.0,"thumbs_down":1.0,"thumbs_up":18.0,"tot_artist":220.0,"tot_life":48.58732638888889,"avg_song_per_sess":80.66666666666667,"tot_num_session":3.0,"tot_num_song":242.0,"label":0.0}
{"gender":0.0,"level":0.0,"add_song":1.0,"add_friends":0.0,"upgrade":0.0,"downgrade":0.0,"thumbs_down":3.0,"thumbs_up":6.0,"tot_artist":83.0,"tot_life":39.33960648148148,"avg_song_per_sess":87.0,"tot_num_session":1.0,"tot_num_song":87.0,"label":0.0}
