{"gender":1.0,"level":1.0,"add_song":32.0,"add_friends":16.0,"upgrade":1.0,"downgrade":0.0,"thumbs_down":4.0,"thumbs_up":52.0,"tot_artist":723.0,"tot_life":27.365162037037038,"avg_song_per_sess":104.55555555555556,"tot_num_session":9.0,"tot_num_song":941.0,"label":0.0}
{"gender":1.0,"level":0.0,"add_song":32.0,"add_friends":10.0,"upgrade":1.0,"downgrade":1.0,"thumbs_down":36.0,"thumbs_up":56.0,"tot_artist":861.0,"tot_life":75.99219907407407,"avg_song_per_sess":33.4,"tot_num_session":36.0,"tot_num_song":1169.0,"label":1.0}
