{"gender":1.0,"level":1.0,"add_song":61.0,"add_friends":29.0,"upgrade":1.0,"downgrade":0.0,"thumbs_down":16.0,"thumbs_up":86.0,"tot_artist":1241.0,"tot_life":53.965937499999995,"avg_song_per_sess":179.7,"tot_num_session":10.0,"tot_num_song":1797.0,"label":1.0}
{"gender":0.0,"level":1.0,"add_song":20.0,"add_friends":6.0,"upgrade":1.0,"downgrade":1.0,"thumbs_down":9.0,"thumbs_up":40.0,"tot_artist":534.0,"tot_life":124.47825231481481,"avg_song_per_sess":40.4375,"tot_num_session":16.0,"tot_num_song":647.0,"label":0.0}
