{"gender":1.0,"level":1.0,"add_song":7.0,"add_friends":8.0,"upgrade":0.0,"downgrade":0.0,"thumbs_down":2.0,"thumbs_up":38.0,"tot_artist":292.0,"tot_life":89.70524305555556,"avg_song_per_sess":55.833333333333336,"tot_num_session":6.0,"tot_num_song":335.0,"label":0.0}
{"gender":1.0,"level":1.0,"add_song":58.0,"add_friends":45.0,"upgrade":1.0,"downgrade":0.0,"thumbs_down":22.0,"thumbs_up":115.0,"tot_artist":1534.0,"tot_life":63.40961805555556,"avg_song_per_sess":85.75,"tot_num_session":28.0,"tot_num_song":2401.0,"label":0.0}
