{"gender":1.0,"level":0.0,"add_song":27.0,"add_friends":20.0,"upgrade":1.0,"downgrade":1.0,"thumbs_down":32.0,"thumbs_up":41.0,"tot_artist":746.0,"tot_life":58.839490740740736,"avg_song_per_sess":64.2,"tot_num_session":15.0,"tot_num_song":963.0,"label":0.0}
{"gender":0.0,"level":1.0,"add_song":61.0,"add_friends":41.0,"upgrade":1.0,"downgrade":1.0,"thumbs_down":17.0,"thumbs_up":98.0,"tot_artist":1275.0,"tot_life":82.50391203703704,"avg_song_per_sess":125.33333333333333,"tot_num_session":15.0,"tot_num_song":1880.0,"label":0.0}
