{"gender":0.0,"level":1.0,"add_song":23.0,"add_friends":19.0,"upgrade":1.0,"downgrade":1.0,"thumbs_down":11.0,"thumbs_up":35.0,"tot_artist":733.0,"tot_life":172.44008101851853,"avg_song_per_sess":47.1,"tot_num_session":21.0,"tot_num_song":942.0,"label":0.0}
{"gender":0.0,"level":1.0,"add_song":43.0,"add_friends":23.0,"upgrade":1.0,"downgrade":0.0,"thumbs_down":17.0,"thumbs_up":84.0,"tot_artist":1214.0,"tot_life":125.58270833333334,"avg_song_per_sess":68.5,"tot_num_session":26.0,"tot_num_song":1781.0,"label":0.0}
{"gender":1.0,"level":1.0,"add_song":58.0,"add_friends":27.0,"upgrade":1.0,"downgrade":0.0,"thumbs_down":9.0,"thumbs_up":84.0,"tot_artist":1137.0,"tot_life":71.48456018518519,"avg_song_per_sess":91.33333333333333,"tot_num_session":18.0,"tot_num_song":1644.0,"label":0.0}
{"gender":0.0,"level":0.0,"add_song":0.0,"add_friends":7.0,"upgrade":0.0,"downgrade":0.0,"thumbs_down":0.0,"thumbs_up":2.0,"tot_artist":29.0,"tot_life":100.0112962962963,"avg_song_per_sess":14.5,"tot_num_session":2.0,"tot_num_song":29.0,"label":0.0}
{"gender":1.0,"level":0.0,"add_song":0.0,"add_friends":0.0,"upgrade":0.0,"downgrade":0.0,"thumbs_down":0.0,"thumbs_up":0.0,"tot_artist":37.0,"tot_life":101.98753472222222,"avg_song_per_sess":9.25,"tot_num_session":5.0,"tot_num_song":37.0,"label":0.0}
