{"gender":0.0,"level":0.0,"add_song":10.0,"add_friends":2.0,"upgrade":0.0,"downgrade":0.0,"thumbs_down":2.0,"thumbs_up":14.0,"tot_artist":224.0,"tot_life":74.21925925925926,"avg_song_per_sess":61.5,"tot_num_session":4.0,"tot_num_song":246.0,"label":0.0}
{"gender":1.0,"level":0.0,"add_song":3.0,"add_friends":7.0,"upgrade":0.0,"downgrade":0.0,"thumbs_down":2.0,"thumbs_up":14.0,"tot_artist":163.0,"tot_life":68.3830787037037,"avg_song_per_sess":35.6,"tot_num_session":5.0,"tot_num_song":178.0,"label":0.0}
