{"gender":1.0,"level":1.0,"add_song":17.0,"add_friends":13.0,"upgrade":1.0,"downgrade":0.0,"thumbs_down":4.0,"thumbs_up":35.0,"tot_artist":509.0,"tot_life":71.03246527777777,"avg_song_per_sess":53.333333333333336,"tot_num_session":12.0,"tot_num_song":640.0,"label":0.0}
{"gender":0.0,"level":0.0,"add_song":46.0,"add_friends":32.0,"upgrade":0.0,"downgrade":1.0,"thumbs_down":25.0,"thumbs_up":91.0,"tot_artist":1153.0,"tot_life":62.26634259259259,"avg_song_per_sess":54.645161290322584,"tot_num_session":33.0,"tot_num_song":1694.0,"label":0.0}
