{"gender":1.0,"level":0.0,"add_song":12.0,"add_friends":17.0,"upgrade":1.0,"downgrade":1.0,"thumbs_down":2.0,"thumbs_up":19.0,"tot_artist":402.0,"tot_life":76.95898148148147,"avg_song_per_sess":34.42857142857143,"tot_num_session":15.0,"tot_num_song":482.0,"label":0.0}
{"gender":1.0,"level":1.0,"add_song":77.0,"add_friends":40.0,"upgrade":1.0,"downgrade":1.0,"thumbs_down":32.0,"thumbs_up":118.0,"tot_artist":1672.0,"tot_life":60.832430555555554,"avg_song_per_sess":89.2,"tot_num_session":31.0,"tot_num_song":2676.0,"label":0.0}
