{"gender":1.0,"level":1.0,"add_song":67.0,"add_friends":41.0,"upgrade":1.0,"downgrade":0.0,"thumbs_down":24.0,"thumbs_up":95.0,"tot_artist":1332.0,"tot_life":66.62668981481481,"avg_song_per_sess":138.0,"tot_num_session":15.0,"tot_num_song":2070.0,"label":0.0}
{"gender":0.0,"level":1.0,"add_song":113.0,"add_friends":63.0,"upgrade":0.0,"downgrade":0.0,"thumbs_down":28.0,"thumbs_up":303.0,"tot_artist":2070.0,"tot_life":74.35851851851852,"avg_song_per_sess":59.540983606557376,"tot_num_session":63.0,"tot_num_song":3632.0,"label":0.0}
