{"gender":0.0,"level":0.0,"add_song":3.0,"add_friends":0.0,"upgrade":0.0,"downgrade":0.0,"thumbs_down":5.0,"thumbs_up":19.0,"tot_artist":188.0,"tot_life":55.769826388888895,"avg_song_per_sess":29.428571428571427,"tot_num_session":7.0,"tot_num_song":206.0,"label":1.0}
{"gender":1.0,"level":1.0,"add_song":16.0,"add_friends":24.0,"upgrade":1.0,"downgrade":1.0,"thumbs_down":27.0,"thumbs_up":48.0,"tot_artist":627.0,"tot_life":116.99548611111112,"avg_song_per_sess":71.81818181818181,"tot_num_session":14.0,"tot_num_song":790.0,"label":0.0}
{"gender":1.0,"level":0.0,"add_song":1.0,"add_friends":0.0,"upgrade":0.0,"downgrade":0.0,"thumbs_down":0.0,"thumbs_up":2.0,"tot_artist":26.0,"tot_life":99.22612268518519,"avg_song_per_sess":27.0,"tot_num_session":1.0,"tot_num_song":27.0,"label":0.0}
