{"gender":1.0,"level":1.0,"add_song":53.0,"add_friends":28.0,"upgrade":1.0,"downgrade":0.0,"thumbs_down":18.0,"thumbs_up":87.0,"tot_artist":1163.0,"tot_life":95.33168981481481,"avg_song_per_sess":108.0,"tot_num_session":17.0,"tot_num_song":1728.0,"label":0.0}
{"gender":1.0,"level":1.0,"add_song":15.0,"add_friends":9.0,"upgrade":1.0,"downgrade":0.0,"thumbs_down":13.0,"thumbs_up":19.0,"tot_artist":368.0,"tot_life":28.42769675925926,"avg_song_per_sess":52.125,"tot_num_session":8.0,"tot_num_song":417.0,"label":1.0}
{"gender":0.0,"level":1.0,"add_song":21.0,"add_friends":15.0,"upgrade":1.0,"downgrade":0.0,"thumbs_down":6.0,"thumbs_up":28.0,"tot_artist":553.0,"tot_life":135.89708333333334,"avg_song_per_sess":164.0,"tot_num_session":4.0,"tot_num_song":656.0,"label":0.0}
{"gender":0.0,"level":1.0,"add_song":61.0,"add_friends":36.0,"upgrade":0.0,"downgrade":0.0,"thumbs_down":10.0,"thumbs_up":76.0,"tot_artist":1319.0,"tot_life":110.77247685185186,"avg_song_per_sess":157.83333333333334,"tot_num_session":12.0,"tot_num_song":1894.0,"label":0.0}
