{"gender":0.0,"level":1.0,"add_song":9.0,"add_friends":17.0,"upgrade":0.0,"downgrade":0.0,"thumbs_down":6.0,"thumbs_up":19.0,"tot_artist":357.0,"tot_life":115.38761574074074,"avg_song_per_sess":47.0,"tot_num_session":9.0,"tot_num_song":423.0,"label":1.0}
{"gender":1.0,"level":1.0,"add_song":8.0,"add_friends":6.0,"upgrade":1.0,"downgrade":0.0,"thumbs_down":1.0,"thumbs_up":12.0,"tot_artist":229.0,"tot_life":77.53899305555555,"avg_song_per_sess":31.875,"tot_num_session":8.0,"tot_num_song":255.0,"label":0.0}
