{"gender":0.0,"level":0.0,"add_song":37.0,"add_friends":32.0,"upgrade":1.0,"downgrade":1.0,"thumbs_down":14.0,"thumbs_up":57.0,"tot_artist":929.0,"tot_life":119.45459490740741,"avg_song_per_sess":38.78787878787879,"tot_num_session":33.0,"tot_num_song":1280.0,"label":0.0}
{"gender":1.0,"level":0.0,"add_song":18.0,"add_friends":8.0,"upgrade":1.0,"downgrade":1.0,"thumbs_down":17.0,"thumbs_up":28.0,"tot_artist":427.0,"tot_life":56.230057870370366,"avg_song_per_sess":49.5,"tot_num_session":10.0,"tot_num_song":495.0,"label":0.0}
