{"gender":0.0,"level":1.0,"add_song":54.0,"add_friends":25.0,"upgrade":1.0,"downgrade":1.0,"thumbs_down":21.0,"thumbs_up":106.0,"tot_artist":1216.0,"tot_life":77.02128472222222,"avg_song_per_sess":100.38888888888889,"tot_num_session":19.0,"tot_num_song":1807.0,"label":0.0}
{"gender":1.0,"level":0.0,"add_song":18.0,"add_friends":13.0,"upgrade":1.0,"downgrade":1.0,"thumbs_down":24.0,"thumbs_up":37.0,"tot_artist":531.0,"tot_life":109.27394675925926,"avg_song_per_sess":59.09090909090909,"tot_num_session":11.0,"tot_num_song":650.0,"label":1.0}
