{"gender":0.0,"level":0.0,"add_song":16.0,"add_friends":12.0,"upgrade":1.0,"downgrade":1.0,"thumbs_down":5.0,"thumbs_up":23.0,"tot_artist":580.0,"tot_life":87.99846064814814,"avg_song_per_sess":59.75,"tot_num_session":12.0,"tot_num_song":717.0,"label":0.0}
{"gender":1.0,"level":0.0,"add_song":8.0,"add_friends":5.0,"upgrade":0.0,"downgrade":0.0,"thumbs_down":1.0,"thumbs_up":5.0,"tot_artist":147.0,"tot_life":100.19100694444444,"avg_song_per_sess":18.75,"tot_num_session":8.0,"tot_num_song":150.0,"label":0.0}
