{"gender":0.0,"level":1.0,"add_song":50.0,"add_friends":32.0,"upgrade":1.0,"downgrade":0.0,"thumbs_down":12.0,"thumbs_up":82.0,"tot_artist":1111.0,"tot_life":123.53140046296296,"avg_song_per_sess":68.91304347826087,"tot_num_session":24.0,"tot_num_song":1585.0,"label":0.0}
{"gender":1.0,"level":1.0,"add_song":47.0,"add_friends":25.0,"upgrade":1.0,"downgrade":1.0,"thumbs_down":17.0,"thumbs_up":62.0,"tot_artist":1018.0,"tot_life":63.066643518518525,"avg_song_per_sess":50.607142857142854,"tot_num_session":32.0,"tot_num_song":1417.0,"label":0.0}
