{"gender":0.0,"level":1.0,"add_song":15.0,"add_friends":15.0,"upgrade":1.0,"downgrade":0.0,"thumbs_down":6.0,"thumbs_up":20.0,"tot_artist":509.0,"tot_life":62.23815972222223,"avg_song_per_sess":105.5,"tot_num_session":6.0,"tot_num_song":633.0,"label":0.0}
{"gender":0.0,"level":0.0,"add_song":10.0,"add_friends":10.0,"upgrade":0.0,"downgrade":0.0,"thumbs_down":3.0,"thumbs_up":11.0,"tot_artist":298.0,"tot_life":72.10061342592593,"avg_song_per_sess":26.384615384615383,"tot_num_session":13.0,"tot_num_song":343.0,"label":0.0}
{"gender":1.0,"level":0.0,"add_song":7.0,"add_friends":8.0,"upgrade":0.0,"downgrade":0.0,"thumbs_down":1.0,"thumbs_up":21.0,"tot_artist":244.0,"tot_life":74.17873842592593,"avg_song_per_sess":37.57142857142857,"tot_num_session":7.0,"tot_num_song":263.0,"label":0.0}
