{"gender":0.0,"level":1.0,"add_song":42.0,"add_friends":39.0,"upgrade":1.0,"downgrade":0.0,"thumbs_down":24.0,"thumbs_up":92.0,"tot_artist":1212.0,"tot_life":74.43959490740741,"avg_song_per_sess":173.7,"tot_num_session":10.0,"tot_num_song":1737.0,"label":0.0}
{"gender":0.0,"level":1.0,"add_song":53.0,"add_friends":29.0,"upgrade":1.0,"downgrade":0.0,"thumbs_down":20.0,"thumbs_up":84.0,"tot_artist":1173.0,"tot_life":74.40032407407408,"avg_song_per_sess":106.5625,"tot_num_session":17.0,"tot_num_song":1705.0,"label":0.0}
