{"gender":0.0,"level":0.0,"add_song":5.0,"add_friends":8.0,"upgrade":0.0,"downgrade":0.0,"thumbs_down":7.0,"thumbs_up":14.0,"tot_artist":214.0,"tot_life":38.142488425925926,"avg_song_per_sess":39.5,"tot_num_session":6.0,"tot_num_song":237.0,"label":0.0}
{"gender":1.0,"level":0.0,"add_song":1.0,"add_friends":5.0,"upgrade":0.0,"downgrade":0.0,"thumbs_down":0.0,"thumbs_up":4.0,"tot_artist":46.0,"tot_life":49.152442129629634,"avg_song_per_sess":15.333333333333334,"tot_num_session":3.0,"tot_num_song":46.0,"label":0.0}
