{"gender":0.0,"level":1.0,"add_song":43.0,"add_friends":22.0,"upgrade":1.0,"downgrade":0.0,"thumbs_down":13.0,"thumbs_up":67.0,"tot_artist":1057.0,"tot_life":81.08318287037038,"avg_song_per_sess":98.93333333333334,"tot_num_session":16.0,"tot_num_song":1484.0,"label":0.0}
{"gender":1.0,"level":0.0,"add_song":0.0,"add_friends":0.0,"upgrade":0.0,"downgrade":0.0,"thumbs_down":2.0,"thumbs_up":3.0,"tot_artist":89.0,"tot_life":87.79336805555556,"avg_song_per_sess":46.0,"tot_num_session":2.0,"tot_num_song":92.0,"label":0.0}
