{"gender":1.0,"level":0.0,"add_song":7.0,"add_friends":7.0,"upgrade":0.0,"downgrade":0.0,"thumbs_down":5.0,"thumbs_up":11.0,"tot_artist":207.0,"tot_life":64.73886574074074,"avg_song_per_sess":46.0,"tot_num_session":5.0,"tot_num_song":230.0,"label":1.0}
{"gender":1.0,"level":1.0,"add_song":89.0,"add_friends":47.0,"upgrade":1.0,"downgrade":0.0,"thumbs_down":22.0,"thumbs_up":154.0,"tot_artist":1804.0,"tot_life":60.104050925925925,"avg_song_per_sess":89.05882352941177,"tot_num_session":34.0,"tot_num_song":3028.0,"label":1.0}
{"gender":0.0,"level":1.0,"add_song":33.0,"add_friends":12.0,"upgrade":1.0,"downgrade":0.0,"thumbs_down":9.0,"thumbs_up":72.0,"tot_artist":865.0,"tot_life":71.42444444444445,"avg_song_per_sess":125.0,"tot_num_session":9.0,"tot_num_song":1125.0,"label":0.0}
