{"gender":1.0,"level":1.0,"add_song":72.0,"add_friends":33.0,"upgrade":1.0,"downgrade":0.0,"thumbs_down":21.0,"thumbs_up":135.0,"tot_artist":1643.0,"tot_life":62.09569444444444,"avg_song_per_sess":88.86206896551724,"tot_num_session":30.0,"tot_num_song":2577.0,"label":0.0}
{"gender":1.0,"level":0.0,"add_song":51.0,"add_friends":26.0,"upgrade":1.0,"downgrade":1.0,"thumbs_down":20.0,"thumbs_up":72.0,"tot_artist":1100.0,"tot_life":120.89991898148149,"avg_song_per_sess":92.0,"tot_num_session":19.0,"tot_num_song":1564.0,"label":0.0}
{"gender":0.0,"level":1.0,"add_song":148.0,"add_friends":143.0,"upgrade":1.0,"downgrade":1.0,"thumbs_down":75.0,"thumbs_up":277.0,"tot_artist":2819.0,"tot_life":80.60512731481482,"avg_song_per_sess":84.53731343283582,"tot_num_session":71.0,"tot_num_song":5664.0,"label":0.0}
{"gender":0.0,"level":1.0,"add_song":30.0,"add_friends":12.0,"upgrade":1.0,"downgrade":0.0,"thumbs_down":13.0,"thumbs_up":40.0,"tot_artist":741.0,"tot_life":13.099016203703703,"avg_song_per_sess":132.42857142857142,"tot_num_session":7.0,"tot_num_song":927.0,"label":1.0}
