{"gender":0.0,"level":0.0,"add_song":7.0,"add_friends":4.0,"upgrade":0.0,"downgrade":0.0,"thumbs_down":5.0,"thumbs_up":17.0,"tot_artist":252.0,"tot_life":55.6436574074074,"avg_song_per_sess":39.285714285714285,"tot_num_session":7.0,"tot_num_song":275.0,"label":0.0}
{"gender":1.0,"level":1.0,"add_song":8.0,"add_friends":4.0,"upgrade":1.0,"downgrade":0.0,"thumbs_down":6.0,"thumbs_up":21.0,"tot_artist":339.0,"tot_life":70.07462962962963,"avg_song_per_sess":64.5,"tot_num_session":6.0,"tot_num_song":387.0,"label":0.0}
