{"gender":0.0,"level":1.0,"add_song":19.0,"add_friends":10.0,"upgrade":1.0,"downgrade":0.0,"thumbs_down":4.0,"thumbs_up":42.0,"tot_artist":550.0,"tot_life":80.40359953703704,"avg_song_per_sess":75.0,"tot_num_session":9.0,"tot_num_song":675.0,"label":0.0}
{"gender":0.0,"level":0.0,"add_song":64.0,"add_friends":31.0,"upgrade":1.0,"downgrade":1.0,"thumbs_down":14.0,"thumbs_up":71.0,"tot_artist":1098.0,"tot_life":75.46339120370371,"avg_song_per_sess":44.72222222222222,"tot_num_session":38.0,"tot_num_song":1610.0,"label":0.0}
{"gender":0.0,"level":1.0,"add_song":33.0,"add_friends":40.0,"upgrade":1.0,"downgrade":0.0,"thumbs_down":9.0,"thumbs_up":54.0,"tot_artist":809.0,"tot_life":102.24886574074075,"avg_song_per_sess":72.4,"tot_num_session":15.0,"tot_num_song":1086.0,"label":0.0}
