{"gender":0.0,"level":1.0,"add_song":23.0,"add_friends":8.0,"upgrade":1.0,"downgrade":1.0,"thumbs_down":4.0,"thumbs_up":46.0,"tot_artist":808.0,"tot_life":65.07229166666666,"avg_song_per_sess":149.57142857142858,"tot_num_session":8.0,"tot_num_song":1047.0,"label":0.0}
{"gender":1.0,"level":1.0,"add_song":12.0,"add_friends":14.0,"upgrade":1.0,"downgrade":0.0,"thumbs_down":6.0,"thumbs_up":30.0,"tot_artist":545.0,"tot_life":69.41987268518518,"avg_song_per_sess":133.4,"tot_num_session":5.0,"tot_num_song":667.0,"label":0.0}
