{"gender":1.0,"level":0.0,"add_song":4.0,"add_friends":7.0,"upgrade":0.0,"downgrade":0.0,"thumbs_down":2.0,"thumbs_up":8.0,"tot_artist":201.0,"tot_life":102.59481481481481,"avg_song_per_sess":27.5,"tot_num_session":9.0,"tot_num_song":220.0,"label":0.0}
{"gender":1.0,"level":0.0,"add_song":50.0,"add_friends":26.0,"upgrade":1.0,"downgrade":1.0,"thumbs_down":11.0,"thumbs_up":78.0,"tot_artist":1093.0,"tot_life":72.211875,"avg_song_per_sess":85.36842105263158,"tot_num_session":19.0,"tot_num_song":1622.0,"label":0.0}
