{"gender":1.0,"level":1.0,"add_song":42.0,"add_friends":17.0,"upgrade":1.0,"downgrade":0.0,"thumbs_down":13.0,"thumbs_up":139.0,"tot_artist":955.0,"tot_life":76.6900462962963,"avg_song_per_sess":81.0625,"tot_num_session":16.0,"tot_num_song":1297.0,"label":0.0}
{"gender":1.0,"level":1.0,"add_song":6.0,"add_friends":3.0,"upgrade":1.0,"downgrade":0.0,"thumbs_down":2.0,"thumbs_up":13.0,"tot_artist":226.0,"tot_life":76.06190972222223,"avg_song_per_sess":50.2,"tot_num_session":5.0,"tot_num_song":251.0,"label":0.0}
