{"gender":1.0,"level":1.0,"add_song":13.0,"add_friends":6.0,"upgrade":1.0,"downgrade":0.0,"thumbs_down":5.0,"thumbs_up":18.0,"tot_artist":334.0,"tot_life":87.42347222222223,"avg_song_per_sess":94.25,"tot_num_session":4.0,"tot_num_song":377.0,"label":0.0}
{"gender":1.0,"level":0.0,"add_song":13.0,"add_friends":9.0,"upgrade":0.0,"downgrade":0.0,"thumbs_down":9.0,"thumbs_up":38.0,"tot_artist":541.0,"tot_life":86.40864583333332,"avg_song_per_sess":38.23529411764706,"tot_num_session":17.0,"tot_num_song":650.0,"label":0.0}
