{"gender":1.0,"level":1.0,"add_song":12.0,"add_friends":15.0,"upgrade":1.0,"downgrade":0.0,"thumbs_down":3.0,"thumbs_up":28.0,"tot_artist":466.0,"tot_life":68.9053587962963,"avg_song_per_sess":60.77777777777778,"tot_num_session":10.0,"tot_num_song":547.0,"label":0.0}
{"gender":0.0,"level":1.0,"add_song":69.0,"add_friends":30.0,"upgrade":1.0,"downgrade":0.0,"thumbs_down":17.0,"thumbs_up":148.0,"tot_artist":1201.0,"tot_life":188.31178240740743,"avg_song_per_sess":102.88235294117646,"tot_num_session":19.0,"tot_num_song":1749.0,"label":1.0}
