{"gender":0.0,"level":0.0,"add_song":30.0,"add_friends":17.0,"upgrade":0.0,"downgrade":1.0,"thumbs_down":6.0,"thumbs_up":37.0,"tot_artist":623.0,"tot_life":68.22856481481482,"avg_song_per_sess":128.66666666666666,"tot_num_session":6.0,"tot_num_song":772.0,"label":0.0}
{"gender":1.0,"level":0.0,"add_song":3.0,"add_friends":0.0,"upgrade":0.0,"downgrade":0.0,"thumbs_down":2.0,"thumbs_up":10.0,"tot_artist":192.0,"tot_life":131.6851736111111,"avg_song_per_sess":25.25,"tot_num_session":9.0,"tot_num_song":202.0,"label":0.0}
{"gender":0.0,"level":1.0,"add_song":11.0,"add_friends":12.0,"upgrade":1.0,"downgrade":0.0,"thumbs_down":5.0,"thumbs_up":27.0,"tot_artist":424.0,"tot_life":133.00108796296297,"avg_song_per_sess":45.90909090909091,"tot_num_session":11.0,"tot_num_song":505.0,"label":0.0}
