{"gender":1.0,"level":0.0,"add_song":0.0,"add_friends":0.0,"upgrade":0.0,"downgrade":0.0,"thumbs_down":0.0,"thumbs_up":5.0,"tot_artist":22.0,"tot_life":27.221655092592595,"avg_song_per_sess":22.0,"tot_num_session":1.0,"tot_num_song":22.0,"label":1.0}
{"gender":1.0,"level":0.0,"add_song":3.0,"add_friends":4.0,"upgrade":0.0,"downgrade":0.0,"thumbs_down":1.0,"thumbs_up":4.0,"tot_artist":97.0,"tot_life":98.94381944444444,"avg_song_per_sess":49.0,"tot_num_session":3.0,"tot_num_song":98.0,"label":0.0}
