{"gender":1.0,"level":1.0,"add_song":11.0,"add_friends":8.0,"upgrade":1.0,"downgrade":0.0,"thumbs_down":16.0,"thumbs_up":29.0,"tot_artist":416.0,"tot_life":60.986805555555556,"avg_song_per_sess":41.083333333333336,"tot_num_session":12.0,"tot_num_song":493.0,"label":1.0}
{"gender":1.0,"level":1.0,"add_song":20.0,"add_friends":18.0,"upgrade":1.0,"downgrade":0.0,"thumbs_down":8.0,"thumbs_up":34.0,"tot_artist":543.0,"tot_life":135.0992476851852,"avg_song_per_sess":65.0,"tot_num_session":10.0,"tot_num_song":650.0,"label":0.0}
