{"gender":0.0,"level":1.0,"add_song":28.0,"add_friends":29.0,"upgrade":1.0,"downgrade":0.0,"thumbs_down":6.0,"thumbs_up":43.0,"tot_artist":653.0,"tot_life":40.357511574074074,"avg_song_per_sess":69.91666666666667,"tot_num_session":12.0,"tot_num_song":839.0,"label":1.0}
{"gender":1.0,"level":1.0,"add_song":37.0,"add_friends":14.0,"upgrade":1.0,"downgrade":0.0,"thumbs_down":10.0,"thumbs_up":54.0,"tot_artist":824.0,"tot_life":138.89282407407407,"avg_song_per_sess":91.5,"tot_num_session":13.0,"tot_num_song":1098.0,"label":0.0}
