{"gender":1.0,"level":0.0,"add_song":2.0,"add_friends":0.0,"upgrade":0.0,"downgrade":0.0,"thumbs_down":1.0,"thumbs_up":0.0,"tot_artist":11.0,"tot_life":5.165115740740741,"avg_song_per_sess":11.0,"tot_num_session":1.0,"tot_num_song":11.0,"label":1.0}
{"gender":1.0,"level":0.0,"add_song":2.0,"add_friends":2.0,"upgrade":0.0,"downgrade":0.0,"thumbs_down":1.0,"thumbs_up":1.0,"tot_artist":61.0,"tot_life":31.19925925925926,"avg_song_per_sess":31.0,"tot_num_session":2.0,"tot_num_song":62.0,"label":1.0}
