{"gender":1.0,"level":0.0,"add_song":2.0,"add_friends":0.0,"upgrade":0.0,"downgrade":0.0,"thumbs_down":1.0,"thumbs_up":3.0,"tot_artist":37.0,"tot_life":65.16515046296296,"avg_song_per_sess":9.25,"tot_num_session":4.0,"tot_num_song":37.0,"label":0.0}
{"gender":1.0,"level":0.0,"add_song":3.0,"add_friends":0.0,"upgrade":0.0,"downgrade":0.0,"thumbs_down":1.0,"thumbs_up":10.0,"tot_artist":110.0,"tot_life":15.909027777777778,"avg_song_per_sess":28.75,"tot_num_session":6.0,"tot_num_song":115.0,"label":1.0}
{"gender":0.0,"level":1.0,"add_song":58.0,"add_friends":28.0,"upgrade":1.0,"downgrade":0.0,"thumbs_down":20.0,"thumbs_up":122.0,"tot_artist":1358.0,"tot_life":76.18290509259259,"avg_song_per_sess":78.65384615384616,"tot_num_session":26.0,"tot_num_song":2045.0,"label":0.0}
