{"gender":0.0,"level":1.0,"add_song":62.0,"add_friends":52.0,"upgrade":1.0,"downgrade":0.0,"thumbs_down":27.0,"thumbs_up":127.0,"tot_artist":1533.0,"tot_life":63.12707175925926,"avg_song_per_sess":99.0,"tot_num_session":24.0,"tot_num_song":2376.0,"label":0.0}
{"gender":1.0,"level":1.0,"add_song":83.0,"add_friends":41.0,"upgrade":1.0,"downgrade":0.0,"thumbs_down":31.0,"thumbs_up":165.0,"tot_artist":1868.0,"tot_life":256.3776736111111,"avg_song_per_sess":143.5909090909091,"tot_num_session":24.0,"tot_num_song":3159.0,"label":0.0}
