{"gender":0.0,"level":1.0,"add_song":8.0,"add_friends":4.0,"upgrade":0.0,"downgrade":0.0,"thumbs_down":2.0,"thumbs_up":5.0,"tot_artist":197.0,"tot_life":21.451435185185186,"avg_song_per_sess":216.0,"tot_num_session":1.0,"tot_num_song":216.0,"label":0.0}
{"gender":0.0,"level":1.0,"add_song":63.0,"add_friends":31.0,"upgrade":1.0,"downgrade":1.0,"thumbs_down":16.0,"thumbs_up":169.0,"tot_artist":1235.0,"tot_life":150.45563657407408,"avg_song_per_sess":66.55555555555556,"tot_num_session":27.0,"tot_num_song":1797.0,"label":0.0}
{"gender":0.0,"level":1.0,"add_song":2.0,"add_friends":2.0,"upgrade":0.0,"downgrade":0.0,"thumbs_down":0.0,"thumbs_up":6.0,"tot_artist":85.0,"tot_life":38.90083333333333,"avg_song_per_sess":88.0,"tot_num_session":1.0,"tot_num_song":88.0,"label":0.0}
