{"gender":1.0,"level":0.0,"add_song":12.0,"add_friends":7.0,"upgrade":1.0,"downgrade":1.0,"thumbs_down":8.0,"thumbs_up":23.0,"tot_artist":442.0,"tot_life":37.43827546296296,"avg_song_per_sess":51.8,"tot_num_session":10.0,"tot_num_song":518.0,"label":1.0}
{"gender":0.0,"level":1.0,"add_song":146.0,"add_friends":93.0,"upgrade":1.0,"downgrade":1.0,"thumbs_down":41.0,"thumbs_up":437.0,"tot_artist":2491.0,"tot_life":61.17638888888889,"avg_song_per_sess":63.273972602739725,"tot_num_session":76.0,"tot_num_song":4619.0,"label":0.0}
