{"gender":0.0,"level":0.0,"add_song":4.0,"add_friends":2.0,"upgrade":0.0,"downgrade":0.0,"thumbs_down":0.0,"thumbs_up":1.0,"tot_artist":60.0,"tot_life":93.96927083333333,"avg_song_per_sess":21.0,"tot_num_session":3.0,"tot_num_song":63.0,"label":0.0}
{"gender":1.0,"level":1.0,"add_song":7.0,"add_friends":0.0,"upgrade":1.0,"downgrade":0.0,"thumbs_down":1.0,"thumbs_up":7.0,"tot_artist":76.0,"tot_life":21.590891203703706,"avg_song_per_sess":26.666666666666668,"tot_num_session":3.0,"tot_num_song":80.0,"label":1.0}
