{"gender":1.0,"level":1.0,"add_song":4.0,"add_friends":4.0,"upgrade":0.0,"downgrade":0.0,"thumbs_down":1.0,"thumbs_up":11.0,"tot_artist":107.0,"tot_life":11.553703703703704,"avg_song_per_sess":111.0,"tot_num_session":1.0,"tot_num_song":111.0,"label":1.0}
{"gender":0.0,"level":0.0,"add_song":4.0,"add_friends":3.0,"upgrade":0.0,"downgrade":0.0,"thumbs_down":2.0,"thumbs_up":12.0,"tot_artist":164.0,"tot_life":65.93375,"avg_song_per_sess":44.25,"tot_num_session":4.0,"tot_num_song":177.0,"label":0.0}
