{"gender":1.0,"level":1.0,"add_song":20.0,"add_friends":20.0,"upgrade":1.0,"downgrade":0.0,"thumbs_down":8.0,"thumbs_up":28.0,"tot_artist":587.0,"tot_life":131.43560185185186,"avg_song_per_sess":55.84615384615385,"tot_num_session":13.0,"tot_num_song":726.0,"label":1.0}
{"gender":1.0,"level":1.0,"add_song":59.0,"add_friends":46.0,"upgrade":1.0,"downgrade":0.0,"thumbs_down":26.0,"thumbs_up":95.0,"tot_artist":1342.0,"tot_life":62.79774305555555,"avg_song_per_sess":93.0909090909091,"tot_num_session":22.0,"tot_num_song":2048.0,"label":0.0}
