{"gender":1.0,"level":1.0,"add_song":4.0,"add_friends":8.0,"upgrade":1.0,"downgrade":0.0,"thumbs_down":1.0,"thumbs_up":8.0,"tot_artist":143.0,"tot_life":123.35806712962962,"avg_song_per_sess":51.333333333333336,"tot_num_session":3.0,"tot_num_song":154.0,"label":0.0}
{"gender":0.0,"level":0.0,"add_song":3.0,"add_friends":3.0,"upgrade":0.0,"downgrade":0.0,"thumbs_down":1.0,"thumbs_up":6.0,"tot_artist":82.0,"tot_life":124.55060185185185,"avg_song_per_sess":85.0,"tot_num_session":1.0,"tot_num_song":85.0,"label":0.0}
{"gender":0.0,"level":1.0,"add_song":80.0,"add_friends":43.0,"upgrade":1.0,"downgrade":1.0,"thumbs_down":25.0,"thumbs_up":135.0,"tot_artist":1557.0,"tot_life":71.22346064814815,"avg_song_per_sess":109.0909090909091,"tot_num_session":23.0,"tot_num_song":2400.0,"label":0.0}
