{"gender":1.0,"level":1.0,"add_song":7.0,"add_friends":6.0,"upgrade":0.0,"downgrade":0.0,"thumbs_down":3.0,"thumbs_up":17.0,"tot_artist":233.0,"tot_life":85.08340277777778,"avg_song_per_sess":42.833333333333336,"tot_num_session":6.0,"tot_num_song":257.0,"label":1.0}
{"gender":0.0,"level":1.0,"add_song":38.0,"add_friends":41.0,"upgrade":1.0,"downgrade":0.0,"thumbs_down":17.0,"thumbs_up":96.0,"tot_artist":1299.0,"tot_life":66.8891087962963,"avg_song_per_sess":120.5,"tot_num_session":16.0,"tot_num_song":1928.0,"label":0.0}
{"gender":0.0,"level":0.0,"add_song":1.0,"add_friends":3.0,"upgrade":0.0,"downgrade":0.0,"thumbs_down":0.0,"thumbs_up":11.0,"tot_artist":78.0,"tot_life":23.872037037037035,"avg_song_per_sess":28.0,"tot_num_session":3.0,"tot_num_song":84.0,"label":0.0}
