{"gender":0.0,"level":1.0,"add_song":27.0,"add_friends":34.0,"upgrade":0.0,"downgrade":0.0,"thumbs_down":8.0,"thumbs_up":61.0,"tot_artist":868.0,"tot_life":102.31814814814815,"avg_song_per_sess":80.64285714285714,"tot_num_session":15.0,"tot_num_song":1129.0,"label":0.0}
{"gender":0.0,"level":1.0,"add_song":12.0,"add_friends":9.0,"upgrade":1.0,"downgrade":0.0,"thumbs_down":3.0,"thumbs_up":27.0,"tot_artist":423.0,"tot_life":75.44710648148148,"avg_song_per_sess":62.875,"tot_num_session":8.0,"tot_num_song":503.0,"label":0.0}
