{"gender":1.0,"level":0.0,"add_song":7.0,"add_friends":7.0,"upgrade":0.0,"downgrade":0.0,"thumbs_down":3.0,"thumbs_up":9.0,"tot_artist":195.0,"tot_life":87.46262731481481,"avg_song_per_sess":23.88888888888889,"tot_num_session":10.0,"tot_num_song":215.0,"label":0.0}
{"gender":0.0,"level":1.0,"add_song":104.0,"add_friends":52.0,"upgrade":1.0,"downgrade":0.0,"thumbs_down":25.0,"thumbs_up":166.0,"tot_artist":2073.0,"tot_life":67.11364583333334,"avg_song_per_sess":87.14634146341463,"tot_num_session":47.0,"tot_num_song":3573.0,"label":0.0}
