{"gender":1.0,"level":1.0,"add_song":64.0,"add_friends":47.0,"upgrade":1.0,"downgrade":1.0,"thumbs_down":17.0,"thumbs_up":193.0,"tot_artist":1601.0,"tot_life":171.48203703703703,"avg_song_per_sess":76.48484848484848,"tot_num_session":33.0,"tot_num_song":2524.0,"label":0.0}
{"gender":0.0,"level":0.0,"add_song":9.0,"add_friends":2.0,"upgrade":0.0,"downgrade":0.0,"thumbs_down":3.0,"thumbs_up":11.0,"tot_artist":226.0,"tot_life":60.588310185185186,"avg_song_per_sess":28.22222222222222,"tot_num_session":9.0,"tot_num_song":254.0,"label":0.0}
