{"gender":0.0,"level":1.0,"add_song":42.0,"add_friends":25.0,"upgrade":1.0,"downgrade":1.0,"thumbs_down":9.0,"thumbs_up":52.0,"tot_artist":834.0,"tot_life":42.13234953703704,"avg_song_per_sess":107.3,"tot_num_session":11.0,"tot_num_song":1073.0,"label":1.0}
{"gender":1.0,"level":1.0,"add_song":5.0,"add_friends":3.0,"upgrade":1.0,"downgrade":0.0,"thumbs_down":0.0,"thumbs_up":7.0,"tot_artist":131.0,"tot_life":113.13180555555556,"avg_song_per_sess":23.166666666666668,"tot_num_session":6.0,"tot_num_song":139.0,"label":0.0}
{"gender":1.0,"level":1.0,"add_song":30.0,"add_friends":21.0,"upgrade":1.0,"downgrade":1.0,"thumbs_down":21.0,"thumbs_up":65.0,"tot_artist":939.0,"tot_life":75.06532407407407,"avg_song_per_sess":82.625,"tot_num_session":16.0,"tot_num_song":1322.0,"label":0.0}
{"gender":0.0,"level":1.0,"add_song":39.0,"add_friends":23.0,"upgrade":1.0,"downgrade":0.0,"thumbs_down":11.0,"thumbs_up":66.0,"tot_artist":825.0,"tot_life":78.96927083333334,"avg_song_per_sess":63.411764705882355,"tot_num_session":17.0,"tot_num_song":1078.0,"label":0.0}
