{"gender":1.0,"level":1.0,"add_song":59.0,"add_friends":31.0,"upgrade":0.0,"downgrade":0.0,"thumbs_down":14.0,"thumbs_up":81.0,"tot_artist":1302.0,"tot_life":56.513576388888886,"avg_song_per_sess":136.71428571428572,"tot_num_session":15.0,"tot_num_song":1914.0,"label":0.0}
{"gender":0.0,"level":1.0,"add_song":72.0,"add_friends":33.0,"upgrade":1.0,"downgrade":1.0,"thumbs_down":29.0,"thumbs_up":163.0,"tot_artist":1744.0,"tot_life":110.75168981481481,"avg_song_per_sess":81.17142857142858,"tot_num_session":37.0,"tot_num_song":2841.0,"label":1.0}
