{"gender":1.0,"level":1.0,"add_song":34.0,"add_friends":13.0,"upgrade":1.0,"downgrade":0.0,"thumbs_down":12.0,"thumbs_up":74.0,"tot_artist":932.0,"tot_life":71.39887731481481,"avg_song_per_sess":80.75,"tot_num_session":17.0,"tot_num_song":1292.0,"label":0.0}
{"gender":1.0,"level":1.0,"add_song":33.0,"add_friends":31.0,"upgrade":0.0,"downgrade":0.0,"thumbs_down":9.0,"thumbs_up":79.0,"tot_artist":921.0,"tot_life":162.89256944444443,"avg_song_per_sess":104.75,"tot_num_session":12.0,"tot_num_song":1257.0,"label":0.0}
