{"gender":1.0,"level":1.0,"add_song":34.0,"add_friends":19.0,"upgrade":0.0,"downgrade":0.0,"thumbs_down":12.0,"thumbs_up":54.0,"tot_artist":904.0,"tot_life":132.54185185185185,"avg_song_per_sess":111.81818181818181,"tot_num_session":11.0,"tot_num_song":1230.0,"label":0.0}
{"gender":1.0,"level":1.0,"add_song":9.0,"add_friends":8.0,"upgrade":0.0,"downgrade":0.0,"thumbs_down":2.0,"thumbs_up":27.0,"tot_artist":413.0,"tot_life":68.76866898148148,"avg_song_per_sess":124.75,"tot_num_session":4.0,"tot_num_song":499.0,"label":0.0}
