{"gender":0.0,"level":1.0,"add_song":27.0,"add_friends":17.0,"upgrade":1.0,"downgrade":1.0,"thumbs_down":5.0,"thumbs_up":42.0,"tot_artist":728.0,"tot_life":75.39690972222222,"avg_song_per_sess":92.9,"tot_num_session":11.0,"tot_num_song":929.0,"label":0.0}
{"gender":1.0,"level":0.0,"add_song":5.0,"add_friends":7.0,"upgrade":0.0,"downgrade":0.0,"thumbs_down":3.0,"thumbs_up":28.0,"tot_artist":350.0,"tot_life":70.12188657407408,"avg_song_per_sess":33.166666666666664,"tot_num_session":12.0,"tot_num_song":398.0,"label":0.0}
