{"gender":1.0,"level":1.0,"add_song":2.0,"add_friends":3.0,"upgrade":0.0,"downgrade":0.0,"thumbs_down":1.0,"thumbs_up":4.0,"tot_artist":132.0,"tot_life":42.57099537037037,"avg_song_per_sess":138.0,"tot_num_session":1.0,"tot_num_song":138.0,"label":0.0}
{"gender":1.0,"level":0.0,"add_song":13.0,"add_friends":2.0,"upgrade":0.0,"downgrade":0.0,"thumbs_down":10.0,"thumbs_up":10.0,"tot_artist":233.0,"tot_life":87.6291550925926,"avg_song_per_sess":25.8,"tot_num_session":11.0,"tot_num_song":258.0,"label":1.0}
