{"gender":1.0,"level":1.0,"add_song":61.0,"add_friends":49.0,"upgrade":1.0,"downgrade":1.0,"thumbs_down":27.0,"thumbs_up":148.0,"tot_artist":1705.0,"tot_life":64.87377314814815,"avg_song_per_sess":78.88235294117646,"tot_num_session":35.0,"tot_num_song":2682.0,"label":0.0}
{"gender":0.0,"level":0.0,"add_song":1.0,"add_friends":4.0,"upgrade":0.0,"downgrade":0.0,"thumbs_down":2.0,"thumbs_up":2.0,"tot_artist":26.0,"tot_life":9.127164351851851,"avg_song_per_sess":26.0,"tot_num_session":1.0,"tot_num_song":26.0,"label":1.0}
