{"gender":0.0,"level":1.0,"add_song":11.0,"add_friends":11.0,"upgrade":1.0,"downgrade":0.0,"thumbs_down":7.0,"thumbs_up":14.0,"tot_artist":334.0,"tot_life":49.76208333333333,"avg_song_per_sess":62.833333333333336,"tot_num_session":6.0,"tot_num_song":377.0,"label":1.0}
{"gender":1.0,"level":1.0,"add_song":19.0,"add_friends":27.0,"upgrade":1.0,"downgrade":0.0,"thumbs_down":5.0,"thumbs_up":32.0,"tot_artist":622.0,"tot_life":59.125856481481485,"avg_song_per_sess":30.68,"tot_num_session":25.0,"tot_num_song":767.0,"label":1.0}
