{"gender":1.0,"level":0.0,"add_song":12.0,"add_friends":2.0,"upgrade":1.0,"downgrade":1.0,"thumbs_down":9.0,"thumbs_up":18.0,"tot_artist":397.0,"tot_life":43.05261574074074,"avg_song_per_sess":79.33333333333333,"tot_num_session":7.0,"tot_num_song":476.0,"label":1.0}
{"gender":1.0,"level":0.0,"add_song":8.0,"add_friends":1.0,"upgrade":0.0,"downgrade":0.0,"thumbs_down":0.0,"thumbs_up":7.0,"tot_artist":170.0,"tot_life":123.96466435185185,"avg_song_per_sess":22.25,"tot_num_session":9.0,"tot_num_song":178.0,"label":0.0}
{"gender":1.0,"level":0.0,"add_song":11.0,"add_friends":15.0,"upgrade":0.0,"downgrade":0.0,"thumbs_down":11.0,"thumbs_up":13.0,"tot_artist":317.0,"tot_life":48.56862268518518,"avg_song_per_sess":40.77777777777778,"tot_num_session":9.0,"tot_num_song":367.0,"label":1.0}
