{"gender":0.0,"level":0.0,"add_song":0.0,"add_friends":3.0,"upgrade":0.0,"downgrade":0.0,"thumbs_down":0.0,"thumbs_up":3.0,"tot_artist":28.0,"tot_life":61.48951388888889,"avg_song_per_sess":14.0,"tot_num_session":2.0,"tot_num_song":28.0,"label":0.0}
{"gender":0.0,"level":1.0,"add_song":50.0,"add_friends":20.0,"upgrade":1.0,"downgrade":0.0,"thumbs_down":22.0,"thumbs_up":79.0,"tot_artist":1075.0,"tot_life":44.314432870370375,"avg_song_per_sess":76.6842105263158,"tot_num_session":21.0,"tot_num_song":1457.0,"label":1.0}
{"gender":1.0,"level":1.0,"add_song":58.0,"add_friends":35.0,"upgrade":1.0,"downgrade":0.0,"thumbs_down":24.0,"thumbs_up":132.0,"tot_artist":1170.0,"tot_life":92.85342592592593,"avg_song_per_sess":63.07692307692308,"tot_num_session":28.0,"tot_num_song":1640.0,"label":0.0}
