{"gender":0.0,"level":0.0,"add_song":0.0,"add_friends":0.0,"upgrade":0.0,"downgrade":0.0,"thumbs_down":0.0,"thumbs_up":0.0,"tot_artist":6.0,"tot_life":72.08957175925926,"avg_song_per_sess":6.0,"tot_num_session":1.0,"tot_num_song":6.0,"label":0.0}
{"gender":1.0,"level":0.0,"add_song":0.0,"add_friends":0.0,"upgrade":0.0,"downgrade":0.0,"thumbs_down":0.0,"thumbs_up":0.0,"tot_artist":3.0,"tot_life":0.31372685185185184,"avg_song_per_sess":3.0,"tot_num_session":1.0,"tot_num_song":3.0,"label":0.0}
{"gender":0.0,"level":1.0,"add_song":10.0,"add_friends":8.0,"upgrade":1.0,"downgrade":0.0,"thumbs_down":2.0,"thumbs_up":25.0,"tot_artist":371.0,"tot_life":37.099016203703705,"avg_song_per_sess":143.0,"tot_num_session":3.0,"tot_num_song":429.0,"label":0.0}
