{"gender":0.0,"level":1.0,"add_song":44.0,"add_friends":21.0,"upgrade":1.0,"downgrade":0.0,"thumbs_down":15.0,"thumbs_up":132.0,"tot_artist":1025.0,"tot_life":101.2241087962963,"avg_song_per_sess":79.27777777777777,"tot_num_session":18.0,"tot_num_song":1427.0,"label":0.0}
{"gender":0.0,"level":1.0,"add_song":23.0,"add_friends":35.0,"upgrade":1.0,"downgrade":0.0,"thumbs_down":12.0,"thumbs_up":53.0,"tot_artist":860.0,"tot_life":108.19745370370372,"avg_song_per_sess":64.33333333333333,"tot_num_session":20.0,"tot_num_song":1158.0,"label":0.0}
