{"gender":0.0,"level":1.0,"add_song":5.0,"add_friends":1.0,"upgrade":0.0,"downgrade":0.0,"thumbs_down":0.0,"thumbs_up":5.0,"tot_artist":184.0,"tot_life":160.47207175925925,"avg_song_per_sess":48.75,"tot_num_session":4.0,"tot_num_song":195.0,"label":0.0}
{"gender":1.0,"level":0.0,"add_song":31.0,"add_friends":23.0,"upgrade":1.0,"downgrade":1.0,"thumbs_down":9.0,"thumbs_up":46.0,"tot_artist":780.0,"tot_life":110.71211805555555,"avg_song_per_sess":50.1,"tot_num_session":21.0,"tot_num_song":1002.0,"label":0.0}
{"gender":0.0,"level":0.0,"add_song":13.0,"add_friends":9.0,"upgrade":0.0,"downgrade":0.0,"thumbs_down":4.0,"thumbs_up":11.0,"tot_artist":326.0,"tot_life":58.53869212962963,"avg_song_per_sess":30.583333333333332,"tot_num_session":12.0,"tot_num_song":367.0,"label":0.0}
