{"gender":0.0,"level":1.0,"add_song":31.0,"add_friends":28.0,"upgrade":1.0,"downgrade":0.0,"thumbs_down":15.0,"thumbs_up":39.0,"tot_artist":826.0,"tot_life":44.17873842592593,"avg_song_per_sess":87.0,"tot_num_session":14.0,"tot_num_song":1131.0,"label":1.0}
{"gender":1.0,"level":1.0,"add_song":50.0,"add_friends":28.0,"upgrade":1.0,"downgrade":0.0,"thumbs_down":13.0,"thumbs_up":111.0,"tot_artist":1254.0,"tot_life":63.489328703703706,"avg_song_per_sess":117.1875,"tot_num_session":16.0,"tot_num_song":1875.0,"label":0.0}
